000122254,,0,,,,,ПИ ЗО ОК , , , , ,        Прикладная информатика Прикладная информатика ЗО Прикладная информатика Прикладная информатика ЗО ОК Психолого-педагогическое образование Психолого-педагогическое образование ЗО ОК Прикладная информатика Прикладная информатика ЗО ОК Психолого-педагогическое образование Психолого-педагогическое образование ЗО ОК Социология Социология ЗО ОК Сервис Сервис ЗО ОК,Копия
000122254,,0,,,,,ПИ ЗО ОК , , , , ,        Прикладная информатика Прикладная информатика ЗО Прикладная информатика Прикладная информатика ЗО ОК Психолого-педагогическое образование Психолого-педагогическое образование ЗО ОК Прикладная информатика Прикладная информатика ЗО ОК Психолого-педагогическое образование Психолого-педагогическое образование ЗО ОК Социология Социология ЗО ОК Сервис Сервис ЗО ОК,Копия
000122254,,0,,,,,ПИ ЗО ОК , , , , ,        ПРИ Прикладная информатика ЗО ПРИ Прикладная информатика ЗО ОК Психолого-педагогическое образование Психолого-педагогическое образование ЗО ОК ПРИ Прикладная информатика ЗО ОК Психолого-педагогическое образование Психолого-педагогическое образование ЗО ОК Социология Социология ЗО ОК Сервис Сервис ЗО ОК,Копия
000122254,,0,,,,,ПИ ЗО ОК , , , , ,        ПРИ  ЗО ПРИ  ЗО ОК Психолого-педагогическое образование  ЗО ОК ПРИ  ЗО ОК Психолого-педагогическое образование  ЗО ОК Социология  ЗО ОК Сервис  ЗО ОК,Копия
000122254,,0,,,,,ПИ ЗО ОК , , , , ,        ПРИ  ЗО ПРИ  ЗО ОК Психолого-педагогическое образование  ЗО ОК ПРИ  ЗО ОК Психолого-педагогическое образование  ЗО ОК Социология  ЗО ОК Сервис  ЗО ОК,Копия
000122254,,0,,,,,ПИ ЗО ОК , , , , ,        ПРИ  ЗО ПРИ  ЗО ОК ППО  ЗО ОК ПРИ  ЗО ОК ППО  ЗО ОК Социология  ЗО ОК Сервис  ЗО ОК,Копия
000122254,,0,,,,,ПИ ЗО ОК , , , , ,        ПРИ  ЗО ПРИ  ЗО ОК ППО  ЗО ОК ПРИ  ЗО ОК ППО  ЗО ОК Соц  ЗО ОК Серв  ЗО ОК,Копия
000122254,,0,,,,,ПИ ЗО ОК , , , , ,        Прикладная информатика  ЗО Прикладная информатика  ЗО ОК ППО  ЗО ОК Прикладная информатика  ЗО ОК ППО  ЗО ОК Соц  ЗО ОК Серв  ЗО ОК,Копия
000122254,,0,,,,,ПИ ЗО ОК , , , , ,        Прикладная информатика  ЗО Прикладная информатика  ЗО ОК ППО  ЗО ОК Прикладная информатика  ЗО ОК ППО  ЗО ОК Соц  ЗО ОК Серв  ЗО ОК,Копия
000122254,,0,,,,,ПИ ЗО ОК , , , , ,        Прикладная информатика  ЗО Прикладная информатика  ЗО ОК ППО  ЗО ОК Прикладная информатика  ЗО ОК ППО  ЗО ОК Соц  ЗО ОК Серв  ЗО ОК,Копия
000122254,,0,,,,,ПИ ЗО ОК , , , , ,        Прикладная информатика  ЗО Прикладная информатика  ЗО ОК ППО  ЗО ОК Прикладная информатика  ЗО ОК ППО  ЗО ОК Соц  ЗО ОК Серв  ЗО ОК,Копия
000122254,,0,,,,,ПИ ЗО ОК , , , , ,        Прикладная информатика  ЗО Прикладная информатика  ЗО ОК ППО  ЗО ОК Прикладная информатика  ЗО ОК ППО  ЗО ОК Соц  ЗО ОК Серв  ЗО ОК,Копия
000122254,,0,,,,,ПИ ЗО ОК , , , , ,        Прикладная информатика  ЗО Прикладная информатика  ЗО ОК ППО  ЗО ОК Прикладная информатика  ЗО ОК ППО  ЗО ОК Соц  ЗО ОК Серв  ЗО ОК,Копия
000122254,,0,,,,,ПИ ЗО ОК , , , , ,        Прикладная информатика  ЗО Прикладная информатика  ЗО ОК ППО  ЗО ОК Прикладная информатика  ЗО ОК ППО  ЗО ОК Соц  ЗО ОК Серв  ЗО ОК,Копия
000122254,,0,,,,,ПИ ЗО ОК , , , , ,        Прикладная информатика экономике  ЗО Прикладная информатика экономике  ЗО ОК ППО  ЗО ОК Прикладная информатика социологии  ЗО ОК ППО  ЗО ОК Соц  ЗО ОК Серв  ЗО ОК,Копия
000122254,,0,,,,,ПИ ЗО ОК , , , , ,        Прикладная информатика экономике  ЗО Прикладная информатика экономике  ЗО ОК ППО  ЗО ОК Прикладная информатика социологии  ЗО ОК ППО  ЗО ОК Соц  ЗО ОК Серв  ЗО ОК,Копия
000122254,,0,,,,,ПИ ЗО ОК , , , , ,        ПРИ мех  ЗО ПРИ мех  ЗО ОК ППО  ЗО ОК ПРИ соц  ЗО ОК ППО  ЗО ОК Соц  ЗО ОК Серв  ЗО ОК,Копия
000122254,,0,,,,,ПИ ЗО ОК , , , , ,        ПРИ экон мех  ЗО ПРИ экон мех  ЗО ОК ППО  ЗО ОК ПРИ соц  ЗО ОК ППО  ЗО ОК Соц  ЗО ОК Серв  ЗО ОК,Копия
